{"cameraMode":{"drawMode":0,"name":"Shaded","section":"Shading Mode"},"sceneLighting":true,"audioPlay":false,"sceneViewState":{"showFog":false,"showMaterialUpdate":false,"showSkybox":false,"showFlares":false,"showImageEffects":false,"showParticleSystems":false},"in2DMode":false,"pivot":{"x":440.525390625,"y":151.61354064941407,"z":-319.78887939453127},"rotation":{"x":0.1520896553993225,"y":0.005176207982003689,"z":0.0008290965924970806,"w":-0.9883139133453369},"size":18.278045654296876,"orthographic":false}