{"cameraMode":{"drawMode":0,"name":"Shaded","section":"Shading Mode"},"sceneLighting":false,"audioPlay":false,"sceneViewState":{"showFog":false,"showMaterialUpdate":false,"showSkybox":false,"showFlares":false,"showImageEffects":false,"showParticleSystems":false},"in2DMode":false,"pivot":{"x":-2.057494640350342,"y":1.9500000476837159,"z":-2.4796462059020998},"rotation":{"x":0.31711873412132265,"y":-0.025905746966600419,"z":0.008667143061757088,"w":0.9480025172233582},"size":2.8578836917877199,"orthographic":false}